as_of,tenor_years,par_yield
2016-12-31,0.25,0.005
2016-12-31,1,0.008
2016-12-31,2,0.012
2016-12-31,5,0.019
2016-12-31,10,0.024
2016-12-31,30,0.030
2017-12-31,0.25,0.014
2017-12-31,1,0.018
2017-12-31,2,0.021
2017-12-31,5,0.022
2017-12-31,10,0.024
2017-12-31,30,0.027
2018-12-31,0.25,0.024
2018-12-31,1,0.026
2018-12-31,2,0.025
2018-12-31,5,0.025
2018-12-31,10,0.027
2018-12-31,30,0.030
2019-12-31,0.25,0.015
2019-12-31,1,0.016
2019-12-31,2,0.016
2019-12-31,5,0.017
2019-12-31,10,0.019
2019-12-31,30,0.023
2020-12-31,0.25,0.001
2020-12-31,1,0.001
2020-12-31,2,0.001
2020-12-31,5,0.004
2020-12-31,10,0.009
2020-12-31,30,0.016
2021-12-31,0.25,0.001
2021-12-31,1,0.004
2021-12-31,2,0.007
2021-12-31,5,0.013
2021-12-31,10,0.015
2021-12-31,30,0.019
2022-12-31,0.25,0.043
2022-12-31,1,0.047
2022-12-31,2,0.044
2022-12-31,5,0.040
2022-12-31,10,0.039
2022-12-31,30,0.040
2023-12-31,0.25,0.052
2023-12-31,1,0.048
2023-12-31,2,0.043
2023-12-31,5,0.039
2023-12-31,10,0.039
2023-12-31,30,0.040
